id,member,team,mode,trap,package_tokens,pinned_tokens,items,budget,history_tokens,pinned_ok,missing,contradiction_ok,trace_id
m01,sneha,backend,curated_fork,False,3062,1307,30,12000,1317,True,,True,1
m02,riya,frontend,curated_fork,False,3393,1722,28,12000,1317,True,,True,2
m03,kabir,testing,isolated,False,4381,1352,45,12000,1317,True,,True,3
m04,meera,frontend,curated_fork,False,2316,1357,19,12000,1317,True,,True,4
m05,aarav,frontend,curated_fork,True,1465,1233,13,12000,1317,True,,True,5
m06,ishaan,backend,curated_fork,False,2424,1235,22,12000,1317,True,,True,6
m07,rohan,backend,curated_fork,False,2031,743,20,12000,1317,True,,True,7
m08,tanvi,testing,isolated,False,2243,800,23,12000,1317,True,,True,8
m09,aarav,frontend,curated_fork,True,3314,1593,25,12000,1317,True,,True,9
m10,rohan,backend,curated_fork,True,2628,1170,24,12000,1317,True,,True,10
